workload,policy,requests,hits,misses,hit_ratio,backend_calls,p50_latency,p95_latency,p99_latency,evictions,memory_usage,estimated_cost,throughput
steady,LRU,4000,2863,1137,0.7157,1137,1.0,6.0,6.0,1137,40960,5685.0,100.03
steady,LFU,4000,3279,721,0.8197,721,1.0,6.0,6.0,721,40960,3605.0,100.03
steady,GDS,4000,591,3409,0.1477,3409,6.0,6.0,6.0,3409,40960,17045.0,100.03
steady,AEGIS,4000,3054,946,0.7635,946,1.0,6.0,6.0,946,40960,4730.0,100.03
popularity_shift,LRU,4000,2425,1575,0.6062,1575,1.0,6.0,6.0,1575,40960,7875.0,100.03
popularity_shift,LFU,4000,2108,1892,0.527,1892,1.0,6.0,6.0,1892,40960,9460.0,100.03
popularity_shift,GDS,4000,1930,2070,0.4825,2070,6.0,6.0,6.0,2070,40960,10350.0,100.03
popularity_shift,AEGIS,4000,2764,1236,0.691,1236,1.0,6.0,6.0,1236,40960,6180.0,100.03
cost_sensitive,LRU,4000,1494,2506,0.3735,2506,11.03,263.97,272.76,2504,57101,271871.03,100.03
cost_sensitive,LFU,4000,2537,1463,0.6342,1463,1.0,272.46,272.76,1464,43869,170615.53,100.03
cost_sensitive,GDS,4000,1778,2222,0.4445,2222,10.71,262.88,271.82,2221,46482,154869.71,100.03
cost_sensitive,AEGIS,4000,2477,1523,0.6192,1523,1.0,262.88,272.76,1529,53403,131366.47,100.03
